plant	time	x	y	r_ag	h_ag	r_bg	h_bg	growth	ag_resources	bg_resources	salinity
Initial_000000001	13608000.0	3.85621159906146	8.598933646485218	1.4716452591750067	1.4716452591750067	1.4726452591750068	1.5176452591750067	0.3094109121027021	0.5156848535045035	0.9537254608112625	NaN
Initial_000000002	13608000.0	21.27185288111787	1.2930695209475718	1.435259612623896	1.435259612623896	1.436259612623896	1.481259612623896	0.2862113209329418	0.47701886822156975	0.7447377654265855	NaN
Initial_000000003	13608000.0	36.26937281241047	0.362379220499216	1.4441571919402396	1.4441571919402396	1.4451571919402397	1.4901571919402397	0.2942493679987012	0.4904156133311687	0.5647675262510745	NaN
Initial_000000005	13608000.0	29.190773659449714	1.5872888856366518	1.1857763939859391	1.1857763939859391	1.1867763939859393	1.2317763939859392	0.01635197902715641	0.027253298378594023	0.6497107160866035	NaN
Initial_000000006	13608000.0	28.90001836406905	2.125216495548401	1.4736995041701355	1.4736995041701355	1.4746995041701356	1.5196995041701356	0.3279432509773891	0.5465720849623151	0.6531997796311714	NaN
Initial_000000007	13608000.0	45.683095008214394	8.52435666577039	1.4271790086894964	1.4271790086894964	1.4281790086894965	1.4731790086894965	0.2710817159408564	0.48345463158348045	0.4518028599014273	NaN
Initial_000000009	13608000.0	21.984324917574394	0.4824472224839571	1.4311260496123317	1.4311260496123317	1.4321260496123316	1.4771260496123315	0.3511792594698937	0.5852987657831562	0.7361881009891073	NaN
Initial_000000011	13608000.0	38.41196069660732	6.215688235838598	1.4594524734299232	1.4594524734299232	1.4604524734299233	1.5054524734299233	0.3234338829844273	0.6801249313512685	0.5390564716407122	NaN
Initial_000000012	13608000.0	29.996749799732402	2.814513603994583	1.3819234170277876	1.3819234170277876	1.3829234170277878	1.4279234170277877	0.0019340149783997464	0.003223358297332911	0.6400390024032112	NaN
Initial_000000013	13608000.0	21.069753614824887	4.468916533642534	1.4992298453231656	1.4992298453231656	1.5002298453231655	1.5452298453231654	0.24553527779167836	0.4092254629861306	0.7471629566221014	NaN
Initial_000000014	13608000.0	24.042792508951617	2.7005585714712788	1.4855146288916712	1.4855146288916712	1.486514628891671	1.5315146288916712	0.4268918939355483	0.8110632313434182	0.7114864898925806	NaN
Initial_000000015	13608000.0	11.05779583247406	3.0416985261189344	1.4967382298307381	1.4967382298307381	1.497738229830738	1.5427382298307382	0.4671902138587275	0.7786503564312125	0.8673064500103113	NaN
Initial_000000016	13608000.0	12.064970154771382	3.5771914789507733	1.3805750375822197	1.3805750375822197	1.3815750375822196	1.42657503758222	0.037248156000457035	0.06208026000076172	0.8552203581427434	NaN
Initial_000000017	13608000.0	8.87496749230776	8.699862056580422	1.4782300092250065	1.4782300092250065	1.4792300092250066	1.5242300092250065	0.41856563084539594	0.6976093847423266	0.8935003900923069	NaN
Initial_000000021	13608000.0	20.836696239886642	9.838043365938933	1.4664213079866524	1.4664213079866524	1.4674213079866525	1.5124213079866524	0.2601667910568842	0.4336113184281403	0.7499596451213604	NaN
Initial_000000023	13608000.0	35.947077287644376	6.3866903059768285	1.4540194349980824	1.4540194349980824	1.4550194349980825	1.5000194349980824	0.3411810435289605	0.672961751431357	0.5686350725482675	NaN
Initial_000000024	13608000.0	16.128213368326143	4.222551766925138	1.479512252835308	1.479512252835308	1.4805122528353079	1.5255122528353078	0.406649409951211	0.6777490165853517	0.8064614395800863	NaN
Initial_000000025	13608000.0	27.933948564736482	7.025142950950495	1.478390386722222	1.478390386722222	1.4793903867222218	1.5243903867222217	0.2858755293081037	0.47645921551350623	0.6647926172231622	NaN
Initial_000000026	13608000.0	29.111727091471902	9.166569495623376	1.4679833685302583	1.4679833685302583	1.4689833685302582	1.5139833685302582	0.3903955649414023	0.8653537083388223	0.6506592749023372	NaN
Initial_000000027	13608000.0	4.845744408975255	3.437390428436229	1.4971376551916797	1.4971376551916797	1.4981376551916796	1.5431376551916798	0.48773871951544245	0.8128978658590708	0.9418510670922969	NaN
Initial_000000028	13608000.0	7.194570292108332	9.009716791122123	1.4971368875658668	1.4971368875658668	1.498136887565867	1.5431368875658669	0.37422269848378226	0.6237044974729704	0.9136651564947	NaN
Initial_000000030	13608000.0	0.8262195048071241	5.591443456310224	1.2375295380388989	1.2375295380388989	1.238529538038899	1.283529538038899	0.04381765134074674	0.07302941890124458	0.9900853659423146	NaN
Initial_000000032	13608000.0	18.867589866850388	3.7082529133551265	1.4960124243612474	1.4960124243612474	1.4970124243612475	1.5420124243612474	0.4641533529586772	0.880946201080174	0.7735889215977954	NaN
Initial_000000034	13608000.0	0.9479300092549103	6.712841406459985	1.463969108141476	1.463969108141476	1.464969108141476	1.5099691081414763	0.3506478403215816	0.584413067202636	0.9886248398889411	NaN
Initial_000000035	13608000.0	32.81832801710468	6.2642945970151604	1.4588321531073858	1.4588321531073858	1.4598321531073857	1.5048321531073858	0.3564472163953919	0.5940786939923198	0.6061800637947439	NaN
Initial_000000037	13608000.0	35.28784173931048	8.043088931372514	1.4741920427771	1.4741920427771	1.4751920427771	1.5201920427771	0.33250253597049856	0.5541708932841642	0.5765458991282744	NaN
Initial_000000038	13608000.0	19.803983759270512	0.14764454170164143	1.49058678003307	1.49058678003307	1.49158678003307	1.53658678003307	0.4434646510917697	0.7391077518196162	0.7623521948887538	NaN
Initial_000000039	13608000.0	25.247191358345095	4.686820152397411	1.4655377334682895	1.4655377334682895	1.4665377334682894	1.5115377334682893	0.34153097177916836	0.5692182862986139	0.6970337036998588	NaN
Initial_000000040	13608000.0	28.16346444520288	0.5763130269645145	1.4935864599795219	1.4935864599795219	1.4945864599795218	1.539586459979522	0.3972230559945392	0.7422000511392967	0.6620384266575654	NaN
Initial_000000041	13608000.0	47.470909878969394	7.453551281820704	1.3083631663714184	1.3083631663714184	1.3093631663714185	1.3543631663714184	0.13458311907735251	0.22430519846225422	0.4303490814523673	NaN
Initial_000000042	13608000.0	41.05161616444799	5.900615267457318	1.4500347271758784	1.4500347271758784	1.4510347271758783	1.4960347271758785	0.3044283636159745	0.5516262593385965	0.5073806060266242	NaN
Initial_000000045	13608000.0	45.6368893002823	9.079131163843336	1.1843277649466513	1.1843277649466513	1.1853277649466512	1.230327764946651	0.005887480477971888	0.00981246746328648	0.45235732839661247	NaN
Initial_000000046	13608000.0	44.35992507055268	6.287563201074157	1.477194832333109	1.477194832333109	1.478194832333109	1.523194832333109	0.28060853949202075	0.5933979365034706	0.46768089915336797	NaN
Initial_000000047	13608000.0	31.437538695843937	0.6882325636977993	1.4985988855596941	1.4985988855596941	1.499598885559694	1.5445988855596942	0.3736497213899236	0.7925823179576443	0.6227495356498727	NaN
Initial_000000048	13608000.0	27.006044364217587	6.343447384435509	1.4578948544806685	1.4578948544806685	1.4588948544806684	1.5038948544806685	0.19323164704825233	0.32205274508042053	0.6759274676293889	NaN
Initial_000000050	13608000.0	44.850033177348436	2.143679845604943	1.3938445526892194	1.3938445526892194	1.3948445526892195	1.4398445526892194	0.1410274982538738	0.23504583042312302	0.4617996018718188	NaN
Initial_000000051	13608000.0	6.594521191748109	1.8992199253140474	1.4908937291625632	1.4908937291625632	1.4918937291625634	1.5368937291625633	0.33409637691536587	0.5568272948589431	0.9208657456990227	NaN
Initial_000000052	13608000.0	48.11517585958059	5.653091702132106	1.335246352507854	1.335246352507854	1.3362463525078538	1.381246352507854	0.2535707338110198	0.4865893974575938	0.422617889685033	NaN
Initial_000000053	13608000.0	33.620733274587955	5.4793942118474215	1.2253225308142828	1.2253225308142828	1.226322530814283	1.271322530814283	0.016917780802177568	0.028196301336962614	0.5965512007049446	NaN
Initial_000000055	13608000.0	33.11578343932701	4.8915268168572945	1.450265436947382	1.450265436947382	1.4512654369473819	1.4962654369473818	0.30325851325839975	0.5054308554306662	0.6026105987280759	NaN
Initial_000000059	13608000.0	14.02722894692805	9.384913111737712	1.494329030182531	1.494329030182531	1.495329030182531	1.540329030182531	0.47351818611242324	0.7891969768540388	0.8316732526368634	NaN
Initial_000000060	13608000.0	13.352291803438881	4.319686747296228	1.4951487909159669	1.4951487909159669	1.496148790915967	1.541148790915967	0.50386349901524	0.8790277797553787	0.8397724983587334	NaN
Initial_000000062	13608000.0	18.47426847704015	8.670410770732728	1.4987528906323173	1.4987528906323173	1.4997528906323172	1.5447528906323171	0.436545478922899	0.7275757982048318	0.7783087782755183	NaN
Initial_000000063	13608000.0	5.1322368445315565	0.9556450337300915	1.4982117630454668	1.4982117630454668	1.4992117630454667	1.5442117630454666	0.4510822615869934	0.7518037693116557	0.9384131578656213	NaN
Initial_000000065	13608000.0	12.164211970080308	6.638678344287897	1.4987907331718104	1.4987907331718104	1.4997907331718108	1.5447907331718107	0.48289147407648814	0.8048191234608136	0.8540294563590363	NaN
Initial_000000066	13608000.0	15.238122993782627	2.014789456537164	1.4748565433342953	1.4748565433342953	1.4758565433342954	1.5208565433342953	0.38940382814329194	0.64900638023882	0.8171425240746085	NaN
Initial_000000068	13608000.0	25.029427906930195	6.562399270661137	1.4640054719230693	1.4640054719230693	1.4650054719230694	1.5100054719230693	0.24868583734011546	0.4144763955668591	0.6996468651168377	NaN
Initial_000000069	13608000.0	35.15402902760011	0.7071882445372724	1.4571576589110515	1.4571576589110515	1.4581576589110514	1.5031576589110514	0.24588400286133805	0.40980667143556343	0.5781516516687988	NaN
Initial_000000070	13608000.0	31.053764177392885	5.814831644566267	1.4951437174514584	1.4951437174514584	1.4961437174514585	1.5411437174514584	0.3764128979227713	0.7609779018111402	0.6273548298712854	NaN
Initial_000000071	13608000.0	5.562355096144033	8.432982189907591	1.4982435726459526	1.4982435726459526	1.4992435726459525	1.5442435726459527	0.35776278613032336	0.5962713102172056	0.9332517388462716	NaN
Initial_000000072	13608000.0	28.706380922402396	6.531103127068212	1.0495150288686421	1.0495150288686421	1.0505150288686422	1.0955150288686422	0.004187208165924638	0.0069786802765410645	0.6555234289311712	NaN
Initial_000000073	13608000.0	34.628678579925904	2.032250839456773	1.4943624354542677	1.4943624354542677	1.4953624354542676	1.5403624354542675	0.33916018374321566	0.5652669729053594	0.5844558570408891	NaN
Initial_000000077	13608000.0	7.271850283736919	3.5822976927394024	1.4441769357615188	1.4441769357615188	1.445176935761519	1.4901769357615189	0.2976212099242176	0.49603534987369596	0.912737796595157	NaN
Initial_000000081	13608000.0	48.313822269779976	3.3138149637925496	1.3277375182023174	1.3277375182023174	1.3287375182023173	1.3737375182023173	0.2521404796575842	0.6942900781588152	0.4202341327626403	NaN
Initial_000000082	13608000.0	26.629644161477895	7.621996315560123	1.4824361583712018	1.4824361583712018	1.4834361583712017	1.5284361583712016	0.3365601405058936	0.5609335675098227	0.6804442700622653	NaN
Initial_000000086	13608000.0	8.871541604374967	6.071966234962711	1.4950561822400175	1.4950561822400175	1.4960561822400174	1.5410561822400175	0.4132586141828721	0.6887643569714534	0.8935415007475004	NaN
Initial_000000087	13608000.0	38.20183693939534	9.426451503035947	1.4662604831635913	1.4662604831635913	1.4672604831635914	1.5122604831635913	0.3228765402560115	0.5381275670933525	0.541577956727256	NaN
Initial_000000088	13608000.0	45.09774651203826	3.2212590657317564	1.4493051818449534	1.4493051818449534	1.4503051818449533	1.4953051818449532	0.2752962251133245	0.6094046217189053	0.4588270418555409	NaN
Initial_000000090	13608000.0	36.03725931072192	2.1002548987485223	1.4676884865422037	1.4676884865422037	1.4686884865422036	1.5136884865422036	0.19812625605863576	0.33021042676439294	0.567552888271337	NaN
Initial_000000092	13608000.0	10.09415742362813	6.122028464568581	1.4679521671821993	1.4679521671821993	1.4689521671821995	1.5139521671821994	0.3190989161142604	0.5318315268571007	0.8788701109164624	NaN
Initial_000000094	13608000.0	39.32827013335481	4.23620049215823	1.4297640476793039	1.4297640476793039	1.4307640476793038	1.475764047679304	0.30779903300399414	0.5129983883399902	0.5280607583997423	NaN
Initial_000000099	13608000.0	28.82078740335896	5.787698078808919	1.475838740109308	1.475838740109308	1.476838740109308	1.5218387401093079	0.32336458158277376	0.538940969304623	0.6541505511596926	NaN
Initial_000000100	13608000.0	37.945918750863534	8.164430737084906	1.3936710913926058	1.3936710913926058	1.3946710913926057	1.4396710913926056	0.03767394924481837	0.06278991540803062	0.5446489749896376	NaN
Initial_000000102	13608000.0	46.3062861454786	5.881633726132095	1.4036223837009083	1.4036223837009083	1.4046223837009082	1.4496223837009083	0.26659473975255404	0.742390249548178	0.44432456625425676	NaN
Initial_000000103	13608000.0	5.184189267608219	6.148719517782175	1.4892391669719474	1.4892391669719474	1.4902391669719477	1.5352391669719476	0.3441002034350748	0.573500339058458	0.9377897287887014	NaN
Initial_000000104	13608000.0	48.09493088123919	6.580890597956225	1.3179425494937125	1.3179425494937125	1.3189425494937128	1.3639425494937127	0.21711663228391187	0.3618610538065198	0.4228608294251297	NaN
Initial_000000105	13608000.0	35.63123486924732	3.8229320810323273	1.4982391350195303	1.4982391350195303	1.4992391350195304	1.5442391350195304	0.34345510894141923	0.5786786914536096	0.5724251815690321	NaN
Initial_000000107	13608000.0	23.115465165108624	2.7485867776868975	1.285937948279468	1.285937948279468	1.286937948279468	1.331937948279468	0.013838784594542287	0.02306464099090381	0.7226144180186965	NaN
Initial_000000108	13608000.0	29.053486435921215	4.115131937147691	1.4695558662301271	1.4695558662301271	1.4705558662301272	1.5155558662301272	0.3695816061460233	0.6159693435767055	0.6513581627689454	NaN
Initial_000000109	13608000.0	3.1439555333688363	6.906742182863132	1.4991764836280632	1.4991764836280632	1.500176483628063	1.545176483628063	0.3089058217844219	0.5148430363073698	0.962272533599574	NaN
Initial_000000110	13608000.0	31.317844188427753	2.8002119353746258	1.4996487755615335	1.4996487755615335	1.5006487755615336	1.5456487755615336	0.3745115218433202	0.8404419076197924	0.624185869738867	NaN
Initial_000000111	13608000.0	29.69986352428097	9.467765478686855	1.2700262765358317	1.2700262765358317	1.2710262765358316	1.316026276535832	0.00853610828573664	0.0142268471428944	0.6436016377086283	NaN
Initial_000000112	13608000.0	4.073758149404477	1.5265958033723526	1.0760860548700182	1.0760860548700182	1.0770860548700183	1.1220860548700182	7.834890002267994e-05	0.0001305815000377999	0.9511149022071462	NaN
Initial_000000113	13608000.0	47.11752096992157	2.1422645298809098	1.372957707336965	1.372957707336965	1.373957707336965	1.418957707336965	0.2607538490165647	0.7482258447305843	0.4345897483609411	NaN
Initial_000000114	13608000.0	42.00025460250112	3.042905128081906	1.491990834309959	1.491990834309959	1.4929908343099592	1.537990834309959	0.29759816686199186	0.7771474328039151	0.49599694476998646	NaN
Initial_000000115	13608000.0	43.982834144521114	2.1297558868348676	1.486634180802706	1.486634180802706	1.487634180802706	1.532634180802706	0.28332359415944797	0.4779582827151966	0.4722059902657466	NaN
Initial_000000118	13608000.0	21.78583952864321	3.2327360244599523	1.444211355029749	1.444211355029749	1.4452113550297492	1.490211355029749	0.3509755743947013	0.5849592906578355	0.7385699256562814	NaN
Initial_000000119	13608000.0	49.73472770207394	7.341596409438682	1.2740272928616057	1.2740272928616057	1.2750272928616055	1.3200272928616057	0.24190996054506766	0.7108664351655798	0.4031832675751128	NaN
Initial_000000120	13608000.0	7.187656803811798	0.7591802079182086	1.4662156352920765	1.4662156352920765	1.4672156352920767	1.5122156352920766	0.3187791506423369	0.5312985844038949	0.9137481183542584	NaN
Initial_000000121	13608000.0	2.647397840682059	0.413623322154858	1.4563468388677232	1.4563468388677232	1.457346838867723	1.5023468388677235	0.30514031613995113	0.5085671935665852	0.9682312259118153	NaN
Initial_000000123	13608000.0	20.582499566444433	6.220518272296034	1.4623743489922985	1.4623743489922985	1.4633743489922983	1.5083743489922985	0.3311206283883595	0.5518677139805992	0.7530100052026668	NaN
Initial_000000124	13608000.0	0.7443937528642419	3.409613521978636	1.4862151302488285	1.4862151302488285	1.4872151302488286	1.5322151302488285	0.43854396047048716	0.7309066007841453	0.9910672749656291	NaN
Initial_000000125	13608000.0	10.067718270238718	0.8744422842637056	1.4582939404682187	1.4582939404682187	1.4592939404682188	1.5042939404682187	0.33029341549956576	0.5504890258326096	0.8791873807571354	NaN
Initial_000000126	13608000.0	21.907591678334832	9.464361307994796	1.4996632840766384	1.4996632840766384	1.5006632840766385	1.5456632840766384	0.44226533991598915	0.7637611308666648	0.737108899859982	NaN
Initial_000000127	13608000.0	23.63373725198752	4.236262380497565	1.4571913559583738	1.4571913559583738	1.458191355958374	1.503191355958374	0.3179727025386189	0.5299545042310315	0.7163951529761499	NaN
Initial_000000128	13608000.0	48.232758523650425	1.2479041630535004	1.330801727806014	1.330801727806014	1.331801727806014	1.376801727806014	0.25272413862971693	0.6663063849197299	0.4212068977161949	NaN
Initial_000000131	13608000.0	25.093319249870937	0.3940434883419641	1.4716483549032526	1.4716483549032526	1.4726483549032525	1.5176483549032525	0.4193281014009292	0.7561278619135311	0.6988801690015487	NaN
Initial_000000134	13608000.0	20.634717578473214	7.725425624055604	1.460664806898394	1.460664806898394	1.4616648068983942	1.506664806898394	0.13812819599910794	0.23021365999851326	0.7523833890583215	NaN
Initial_000000137	13608000.0	17.03251899357584	9.330893215531043	1.4360975897387618	1.4360975897387618	1.4370975897387617	1.4820975897387616	0.35353095758528374	0.5892182626421396	0.7956097720770899	NaN
Initial_000000138	13608000.0	6.422853378059906	4.870741529579529	1.4569733573205388	1.4569733573205388	1.4579733573205387	1.5029733573205388	0.29043765111615094	0.48406275186025155	0.9229257594632811	NaN
Initial_000000139	13608000.0	32.91994744487553	1.61381598030651	1.4559055135875842	1.4559055135875842	1.4569055135875841	1.5019055135875843	0.28039991590202584	0.4673331931700431	0.6049606306614936	NaN
Initial_000000140	13608000.0	2.1228248864257395	8.070663146898852	1.4901205696864512	1.4901205696864512	1.4911205696864513	1.5361205696864513	0.30950462687530017	0.515841044792167	0.9745261013628911	NaN
Initial_000000141	13608000.0	23.56867052442933	8.799049018329805	1.4775381081058827	1.4775381081058827	1.4785381081058826	1.5235381081058825	0.1505286966807599	0.25088116113459985	0.7171759537068481	NaN
Initial_000000142	13608000.0	3.2523430323510514	5.332083657823448	1.4847267828579223	1.4847267828579223	1.4857267828579224	1.5307267828579223	0.27895641373732705	0.46492735622887843	0.9609718836117874	NaN
Initial_000000143	13608000.0	9.298434970384706	1.9392793981822831	1.4698909875863826	1.4698909875863826	1.4708909875863827	1.5158909875863826	0.3795296006835743	0.6325493344726238	0.8884187803553836	NaN
Initial_000000144	13608000.0	10.975718728422274	9.666238743691867	1.493572047654123	1.493572047654123	1.494572047654123	1.539572047654123	0.4236594323873122	0.7060990539788536	0.8682913752589327	NaN
Initial_000000145	13608000.0	43.861144331741954	2.864428178003291	1.4244651472972052	1.4244651472972052	1.4254651472972053	1.4704651472972052	0.11774870886883415	0.1962478481147236	0.4736662680190966	NaN
Initial_000000146	13608000.0	43.491237999615926	5.031461903887529	1.4383154320138265	1.4383154320138265	1.4393154320138264	1.4843154320138263	0.2868630864027653	0.7314296924887866	0.4781051440046089	NaN
Initial_000000148	13608000.0	39.97052070631651	5.235814944652577	1.187213404352253	1.187213404352253	1.188213404352253	1.233213404352253	0.0007997876270142956	0.0013329793783571594	0.5203537515242018	NaN
Initial_000000150	13608000.0	16.393416399772455	0.985489657996349	1.4682020464210448	1.4682020464210448	1.4692020464210447	1.5142020464210448	0.4092525424640085	0.6820875707733475	0.8032790032027306	NaN
Initial_000000151	13608000.0	23.53125122654997	6.8544172932285985	1.4952078213249336	1.4952078213249336	1.4962078213249337	1.5412078213249336	0.43057499116884024	0.7941938606982174	0.7176249852814004	NaN
Initial_000000152	13608000.0	39.49759304140062	0.5511839604454938	1.4242779854586196	1.4242779854586196	1.4252779854586195	1.4702779854586197	0.3156173301019155	0.5301529246508176	0.5260288835031925	NaN
Initial_000000154	13608000.0	49.611399342916975	1.478320674759248	1.2786891048377387	1.2786891048377387	1.2796891048377388	1.3246891048377387	0.2427979247309978	0.5943030210090476	0.4046632078849963	NaN
Initial_000000156	13608000.0	1.961350878223328	5.233132872409701	1.4914871993759458	1.4914871993759458	1.4924871993759459	1.5374871993759458	0.3471587555402925	0.5785979259004875	0.9764637894613201	NaN
Initial_000000157	13608000.0	19.772382773737114	7.447466419284475	1.4827992097767773	1.4827992097767773	1.4837992097767772	1.5287992097767773	0.2766105449070589	0.46101757484509814	0.7627314067151547	NaN
Initial_000000159	13608000.0	44.8593219805002	9.04644623112241	1.458317629137093	1.458317629137093	1.459317629137093	1.504317629137093	0.27701288174039856	0.7639932342924197	0.4616881362339976	NaN
Initial_000000162	13608000.0	14.696440096783158	5.566183074099719	1.4983395572741234	1.4983395572741234	1.4993395572741233	1.5443395572741232	0.22020163431527234	0.36700272385878724	0.8236427188386022	NaN
Initial_000000165	13608000.0	40.09852923789089	6.598594590147605	1.482630300064132	1.482630300064132	1.4836303000641322	1.5286303000641321	0.31129058948718563	0.7049603440349537	0.5188176491453094	NaN
Initial_000000166	13608000.0	2.677530196024347	1.8344084434163388	1.4878714853633777	1.4878714853633777	1.4888714853633775	1.5338714853633775	0.4275855127891763	0.7126425213152938	0.9678696376477078	NaN
Initial_000000167	13608000.0	40.43263346984157	9.227182261982772	1.4712039353314184	1.4712039353314184	1.4722039353314185	1.5172039353314184	0.3088850390171407	0.8534628378378378	0.5148083983619012	NaN
Initial_000000168	13608000.0	48.029344410858634	9.151036658507559	1.3384907812695443	1.3384907812695443	1.3394907812695442	1.3844907812695444	0.2541887202418179	0.825858361427495	0.4236478670696965	NaN
Initial_000000169	13608000.0	37.621578763973204	2.5473749043925844	1.4811073332684275	1.4811073332684275	1.4821073332684274	1.5271073332684273	0.29101666080231575	0.4850277680038596	0.5485410548323215	NaN
Initial_000000170	13608000.0	49.45282956158837	5.250145284375664	1.28468304257196	1.28468304257196	1.2856830425719599	1.3306830425719598	0.2439396271565637	0.5903695424092602	0.40656604526093953	NaN
Initial_000000173	13608000.0	41.948878077327215	0.8705656835926212	1.4938403892162198	1.4938403892162198	1.4948403892162196	1.5398403892162198	0.29796807784324403	0.838524008184083	0.49661346307207344	NaN
Initial_000000175	13608000.0	17.15744766203607	5.493173440959028	1.4924554038076339	1.4924554038076339	1.4934554038076338	1.538455403807634	0.35144976206467843	0.5857496034411307	0.7941106280555672	NaN
Initial_000000176	13608000.0	9.125958687570195	4.91237857376074	1.4380648142334596	1.4380648142334596	1.4390648142334597	1.4840648142334596	0.2644846507260988	0.44080775121016463	0.8904884957491577	NaN
Initial_000000177	13608000.0	40.57653775956633	2.910442505434918	1.4927542575834445	1.4927542575834445	1.4937542575834444	1.5387542575834445	0.17989977220956718	0.299832953682612	0.5130815468852041	NaN
Initial_000000178	13608000.0	46.731766397436864	7.712003076703495	1.3875392301768865	1.3875392301768865	1.3885392301768866	1.4335392301768866	0.2635312819384546	0.46374005812523345	0.4392188032307577	NaN
Initial_000000179	13608000.0	37.221851379814986	8.38788784289008	1.4980120152939949	1.4980120152939949	1.4990120152939947	1.5440120152939947	0.3320026700653321	0.7504813983425003	0.5533377834422202	NaN
Initial_000000182	13608000.0	38.2192334300833	2.7778830524301834	1.4758528644715243	1.4758528644715243	1.4768528644715244	1.5218528644715243	0.2764280155926333	0.46071335932105556	0.5413691988390004	NaN
Initial_000000184	13608000.0	0.5175991319528339	1.6246250658604422	1.4658016134514047	1.4658016134514047	1.4668016134514048	1.5118016134514047	0.39842804822846795	0.6640467470474466	0.993788810416566	NaN
Initial_000000186	13608000.0	44.67155901476574	0.06331506896968819	1.4654150692418555	1.4654150692418555	1.4664150692418556	1.5114150692418555	0.2783647750936867	0.8295608121153148	0.4639412918228112	NaN
Initial_000000187	13608000.0	24.844261338059702	8.85149648995425	1.4980554886606245	1.4980554886606245	1.4990554886606244	1.5440554886606244	0.4211213183659701	0.7527370393693619	0.7018688639432835	NaN
Initial_000000189	13608000.0	42.763225517938466	7.3472717809049195	1.4645238813542154	1.4645238813542154	1.4655238813542153	1.5105238813542154	0.292104776270843	0.8054779475877217	0.4868412937847384	NaN
Initial_000000191	13608000.0	40.13603216347021	1.9004265299870016	1.4673182388308885	1.4673182388308885	1.4683182388308884	1.5133182388308886	0.289808575832283	0.483014293053805	0.5183676140383575	NaN
Initial_000000192	13608000.0	16.096668765233613	3.317597206723375	1.4006713358910272	1.4006713358910272	1.401671335891027	1.4466713358910273	0.05885438027416328	0.09809063379027214	0.8068399748171966	NaN
Initial_000000194	13608000.0	20.125197088383633	4.792006191452325	1.484816071833249	1.484816071833249	1.4858160718332492	1.530816071833249	0.17316008363778404	0.28860013939630674	0.7584976349393964	NaN
Initial_000000195	13608000.0	6.580595207294337	7.102827325503745	1.4860649323055861	1.4860649323055861	1.4870649323055862	1.5320649323055862	0.32436037879989044	0.5406006313331507	0.921032857512468	NaN
Initial_000000196	13608000.0	34.72297435116216	4.1832201282281645	1.4884438348370688	1.4884438348370688	1.4894438348370689	1.5344438348370688	0.3170018714954362	0.5283364524923937	0.5833243077860542	NaN
Initial_000000198	13608000.0	14.521358259102696	0.3689542866501616	1.4903386616033816	1.4903386616033816	1.4913386616033817	1.5363386616033816	0.3734770783497723	0.6224617972496205	0.8257437008907677	NaN
Initial_000000199	13608000.0	15.873757100962681	7.097308698838934	1.4611268466192062	1.4611268466192062	1.4621268466192063	1.5071268466192063	0.3918996797894588	0.6531661329824313	0.8095149147884478	NaN
Initial_000000202	13608000.0	44.569027739375734	7.272912435610827	1.0874345830828227	1.0874345830828227	1.0884345830828226	1.1334345830828225	0.0056801619433198385	0.00946693657219973	0.46517166712749125	NaN
Initial_000000208	13608000.0	42.280642805723616	8.722063200395203	1.4794871944044234	1.4794871944044234	1.4804871944044236	1.5254871944044235	0.29212963909620693	0.48688273182701153	0.4926322863313166	NaN
Initial_000000211	13608000.0	36.56667143368705	4.62183881951097	0.9865455533514678	0.9865455533514678	0.9875455533514677	1.0325455533514678	0.0065319047697179515	0.01088650794952992	0.5611999427957555	NaN
Initial_000000212	13608000.0	41.39222102526447	7.426466117810948	1.0823061277545363	1.0823061277545363	1.0833061277545362	1.128306127754536	0.007854634711758087	0.013091057852930146	0.5032933476968264	NaN
Initial_000000213	13608000.0	32.76295004553017	8.744700725676335	1.1878803008771257	1.1878803008771257	1.1888803008771256	1.2338803008771255	0.008016252065460965	0.01336042010910161	0.606844599453638	NaN
Initial_000000218	13608000.0	48.72408364981183	0.35387097099220166	1.0675101239971714	1.0675101239971714	1.0685101239971713	1.1135101239971712	0.0542789655381261	0.0904649425635435	0.4153109962022581	NaN
Initial_000000220	13608000.0	25.662829218768234	9.861173514988469	1.4292886771532414	1.4292886771532414	1.4302886771532415	1.4752886771532414	0.1428411397147076	0.23806856619117936	0.6920460493747812	NaN
Initial_000000221	13608000.0	10.224429816556341	4.845070879285098	1.1536091628142793	1.1536091628142793	1.1546091628142792	1.199609162814279	0.04816841539532668	0.08028069232554447	0.8773068422013239	NaN
Initial_000000225	13608000.0	24.312399931901684	0.808387284194243	1.2238959746622076	1.2238959746622076	1.2248959746622075	1.2698959746622076	0.06529146116094922	0.10881910193491537	0.7082512008171797	NaN
Initial_000000236	13608000.0	36.00312201969899	5.047947878617489	1.07005541980734	1.07005541980734	1.07105541980734	1.11605541980734	0.0038812101799951255	0.006468683633325209	0.5679625357636122	NaN
Initial_000000238	13608000.0	26.848096100756237	4.5159370896771645	1.4446429337494766	1.4446429337494766	1.4456429337494767	1.4906429337494767	0.2883504918782887	0.4805841531304812	0.6778228467909252	NaN
Initial_000000244	13608000.0	39.94340622053947	7.758264529953919	1.1776043779534928	1.1776043779534928	1.178604377953493	1.2236043779534929	0.01072595940438239	0.017876599007303984	0.5206791253535263	NaN
Initial_000000247	13608000.0	19.4928817668499	3.0957061854675927	1.2413459696098754	1.2413459696098754	1.2423459696098753	1.2873459696098752	0.060689107653223245	0.10114851275537208	0.7660854187978012	NaN
Initial_000000248	13608000.0	18.217792518652935	6.729740744397762	1.4897152576898611	1.4897152576898611	1.4907152576898612	1.5357152576898612	0.344389099867675	0.5739818331127917	0.7813864897761649	NaN
Initial_000000251	13608000.0	2.313334619062962	3.2652918445125323	1.4023195750429278	1.4023195750429278	1.4033195750429277	1.4483195750429276	0.08303293349510313	0.13838822249183855	0.9722399845712445	NaN
Initial_000000253	13608000.0	22.434425524116108	4.286464715325521	0.9953183111660936	0.9953183111660936	0.9963183111660936	1.0413183111660933	0.00564533019703878	0.0094088836617313	0.7307868937106068	NaN
Initial_000000261	13608000.0	22.500564943414712	6.569866857151318	1.3593419556703197	1.3593419556703197	1.3603419556703196	1.4053419556703197	0.07464637207634378	0.12441062012723965	0.7299932206790234	NaN
Initial_000000264	13608000.0	27.346219560325753	2.3898563567086795	1.4630601423737457	1.4630601423737457	1.4640601423737458	1.5090601423737457	0.3186408416669764	0.5310680694449608	0.671845365276091	NaN
Initial_000000271	13608000.0	47.86560780732719	0.5129104280407248	1.1968655399853163	1.1968655399853163	1.1978655399853164	1.2428655399853163	0.10305940892641738	0.17176568154402896	0.4256127063120738	NaN
Initial_000000272	13608000.0	44.04445346405579	9.403301215728735	1.2580051558871101	1.2580051558871101	1.25900515588711	1.30400515588711	0.03593184540291318	0.059886409004855305	0.47146655843133045	NaN
Initial_000000273	13608000.0	44.63730230294803	4.61905229532709	1.1741749274569344	1.1741749274569344	1.1751749274569343	1.2201749274569345	0.037827785664840255	0.06304630944140042	0.4643523723646237	NaN
Initial_000000277	13608000.0	40.84633012103975	4.609638024117738	1.0683372659665358	1.0683372659665358	1.0693372659665357	1.1143372659665358	0.0006653554839519605	0.0011089258065866009	0.509844038547523	NaN
Initial_000000278	13608000.0	16.31777068836222	8.428171378013882	1.1300329524416863	1.1300329524416863	1.1310329524416864	1.1760329524416864	0.032559345070645125	0.05426557511774188	0.8041867517396534	NaN
Initial_000000279	13608000.0	36.46520485035645	5.536009102607799	0.9029760500440738	0.9029760500440738	0.9039760500440738	0.9489760500440737	0.0016764197301706704	0.002794032883617784	0.5624175417957227	NaN
Initial_000000295	13608000.0	12.700517353170953	0.2141087492234217	1.4853919017126218	1.4853919017126218	1.4863919017126217	1.5313919017126216	0.29907615754715255	0.4984602625785876	0.8475937917619486	NaN
Initial_000000298	13608000.0	26.275818054580785	1.3746860068691924	1.441269654459844	1.441269654459844	1.4422696544598441	1.487269654459844	0.23988854761198225	0.39981424601997045	0.6846901833450305	NaN
Initial_000000299	13608000.0	12.028033810456428	1.544137743872377	1.4873150155009074	1.4873150155009074	1.4883150155009075	1.5333150155009074	0.35811186094363784	0.5968531015727297	0.8556635942745229	NaN
Initial_000000302	13608000.0	47.326712496649456	4.317417719032455	1.2993432300618895	1.2993432300618895	1.3003432300618893	1.3453432300618893	0.2556671897892042	0.42611198298200703	0.43207945004020654	NaN
Initial_000000303	13608000.0	46.9396677923268	9.739076885384156	1.1758160021958344	1.1758160021958344	1.1768160021958345	1.2218160021958344	0.0682627435417032	0.113771239236172	0.43672398649207844	NaN
Initial_000000304	13608000.0	49.4515326111156	9.140413714506856	1.2236161208046636	1.2236161208046636	1.2246161208046635	1.2696161208046637	0.24343414441926903	0.40572357403211506	0.40658160866661286	NaN
Initial_000000306	13608000.0	12.391574887600305	9.158227547040514	1.4772870895971228	1.4772870895971228	1.4782870895971227	1.523287089597123	0.3170814298395653	0.5284690497326088	0.8513011013487963	NaN
Initial_000000320	13608000.0	17.011291657954033	0.3380472930871081	0.9152975588390619	0.9152975588390619	0.9162975588390618	0.961297558839062	0.01702205834109727	0.028370097235162123	0.7958645001045517	NaN
Initial_000000326	13608000.0	46.01411502515121	5.088762630305402	1.1359153354860716	1.1359153354860716	1.1369153354860715	1.1819153354860714	0.021276622236610282	0.03546103706101714	0.4478306196981855	NaN
Initial_000000328	13608000.0	28.528076849009707	8.035587625903124	1.0306701839608388	1.0306701839608388	1.0316701839608389	1.0766701839608388	0.0075561069132739364	0.012593511522123228	0.6576630778118835	NaN
Initial_000000331	13608000.0	32.92401746051009	0.10682879317496674	1.2755252087424087	1.2755252087424087	1.2765252087424086	1.3215252087424088	0.05097318339100346	0.08495530565167243	0.604911790473879	NaN
Initial_000000333	13608000.0	31.175593459038986	7.904898689326578	1.489757161122869	1.489757161122869	1.4907571611228692	1.535757161122869	0.3755357270949192	0.6987927615892378	0.6258928784915321	NaN
Initial_000000335	13608000.0	1.2281905844431895	0.3694201584028689	1.165027812562053	1.165027812562053	1.1660278125620531	1.2110278125620533	0.04601629348772864	0.07669382247954774	0.9852617129866817	NaN
Initial_000000345	13608000.0	31.978090643581247	9.363678449011775	1.48303098946486	1.48303098946486	1.48403098946486	1.52903098946486	0.369757747366215	0.6188461556662929	0.616262912277025	NaN
Initial_000000350	13608000.0	37.216275313334584	3.886281877822034	1.3911187994940746	1.3911187994940746	1.3921187994940745	1.4371187994940744	0.11793113216049991	0.19655188693416653	0.553404696239985	NaN
Initial_000000358	13608000.0	13.90245541661536	7.058753853858251	1.4676848027330185	1.4676848027330185	1.4686848027330186	1.5136848027330188	0.3165168626494807	0.5275281044158012	0.8331705350006157	NaN
Initial_000000363	13608000.0	27.137426982128993	8.522110117204274	1.3528225667865172	1.3528225667865172	1.3538225667865171	1.398822566786517	0.07387161080965109	0.12311935134941848	0.6743508762144521	NaN
Initial_000000364	13608000.0	30.91574472483469	4.558520964353767	1.2527684950328433	1.2527684950328433	1.2537684950328436	1.2987684950328435	0.019169515167307898	0.03194919194551316	0.6290110633019838	NaN
Initial_000000369	13608000.0	41.79204688158947	5.120492829092837	1.2150213961250695	1.2150213961250695	1.2160213961250694	1.2610213961250698	0.024535000217798492	0.04089166702966415	0.4984954374209264	NaN
Initial_000000370	13608000.0	8.680574933433949	0.08960493436668271	1.1550920422749007	1.1550920422749007	1.1560920422749006	1.2010920422749007	0.027364375137272128	0.045607291895453546	0.8958331007987926	NaN
Initial_000000376	13608000.0	21.93792861993773	8.601031264033068	1.0166352620004415	1.0166352620004415	1.0176352620004414	1.0626352620004413	0.007855746118114435	0.013092910196857393	0.7367448565607473	NaN
Initial_000000379	13608000.0	34.09681748450405	7.29314066220716	1.2968526639889832	1.2968526639889832	1.2978526639889831	1.342852663988983	0.03727103413847394	0.06211839023078991	0.5908381901859514	NaN
Initial_000000384	13608000.0	9.279212187186491	3.7562545059768215	1.1217016763078775	1.1217016763078775	1.1227016763078774	1.1677016763078774	0.01711532578770266	0.028525542979504437	0.8886494537537621	NaN
Initial_000000386	13608000.0	33.928673056144774	8.924988601901832	1.4937293708222872	1.4937293708222872	1.4947293708222873	1.5397293708222874	0.3557135539957576	0.7521278545222025	0.5928559233262627	NaN
Initial_000000390	13608000.0	7.59669041212142	7.2343127156829805	1.0951109226519233	1.0951109226519233	1.0961109226519232	1.1411109226519232	0.0018766435572555582	0.0031277392620925972	0.908839715054543	NaN
Initial_000000391	13608000.0	38.57005227264306	0.31360483748099965	1.3704140238407865	1.3704140238407865	1.3714140238407866	1.4164140238407865	0.11195764885662828	0.1865960814277138	0.5371593727282833	NaN
Initial_000000393	13608000.0	18.550469972268242	5.723059074863743	1.1935094073859707	1.1935094073859707	1.1945094073859708	1.2395094073859707	0.002375546632964624	0.003959244388274373	0.7773943603327811	NaN
Initial_000000400	13608000.0	18.75312101989487	1.2002048478455918	1.4350720349420776	1.4350720349420776	1.4360720349420777	1.4810720349420776	0.3458305697919807	0.5763842829866345	0.7749625477612616	NaN
Initial_000000401	13608000.0	15.602591751966365	8.877605682075044	1.010010892764693	1.010010892764693	1.0110108927646928	1.056010892764693	0.015863955846973914	0.02643992641162319	0.8127688989764036	NaN
Initial_000000402	13608000.0	49.846295302312036	3.075834831997785	1.1351086605488578	1.1351086605488578	1.1361086605488582	1.181108660548858	0.18451451337507113	0.3075241889584519	0.40184445637225563	NaN
Initial_000000410	13608000.0	0.5775040924730135	0.25184864078689806	0.7429068892143144	0.7429068892143144	0.7439068892143142	0.7889068892143144	0.013151987323385711	0.02191997887230952	0.9930699508903238	NaN
Initial_000000412	13608000.0	33.212719385666944	3.1065510988713116	1.2022161316295965	1.2022161316295965	1.2032161316295966	1.2482161316295965	0.04531344690593226	0.0755224115098871	0.6014473673719967	NaN
Initial_000000415	13608000.0	26.61806673617184	0.3256258992147598	0.9059024258577804	0.9059024258577804	0.9069024258577802	0.9519024258577804	0.0002813994934809117	0.0004689991558015196	0.6805831991659379	NaN
Initial_000000416	13608000.0	18.447968714592015	2.6126240642218046	1.1096690377866862	1.1096690377866862	1.1106690377866861	1.155669037786686	0.05846276383910792	0.09743793973184654	0.7786243754248958	NaN
Initial_000000417	13608000.0	4.67663644469512	9.644837773584051	1.0959241645845987	1.0959241645845987	1.0969241645845988	1.1419241645845988	0.03944177314610831	0.06573628857684718	0.9438803626636586	NaN
Initial_000000435	13608000.0	6.043461527023614	9.46869059145223	0.8200510404005585	0.8200510404005585	0.8210510404005585	0.8660510404005586	0.01006287610977683	0.016771460182961384	0.9274784616757167	NaN
Initial_000000436	13608000.0	25.726376139380765	3.2784527807326445	1.2231335004930692	1.2231335004930692	1.2241335004930693	1.2691335004930693	0.04220815067381069	0.07034691778968448	0.6912834863274309	NaN
Initial_000000512	13608000.0	45.65492326787635	1.9162128841328852	1.0125923143531332	1.0125923143531332	1.0135923143531334	1.058592314353133	0.02781738350408385	0.04636230584013975	0.45214092078548385	NaN
Initial_000000513	13608000.0	38.11279703839855	4.962692013334523	0.9864528630870504	0.9864528630870504	0.9874528630870504	1.0324528630870506	0.0011833060556464812	0.001972176759410802	0.5426464355392174	NaN
Initial_000000516	13608000.0	20.43260631863272	2.3619417080239424	0.9592074462779732	0.9592074462779732	0.960207446277973	1.0052074462779728	0.0001972420713877883	0.00032873678564631384	0.7548087241764074	NaN
Initial_000000517	13608000.0	43.45037248715411	0.8964459973513617	1.0187474672360035	1.0187474672360035	1.0197474672360036	1.0647474672360036	0.0004763813881093319	0.0007939689801822198	0.4785955301541507	NaN
Initial_000000522	13608000.0	1.7436816866242766	9.800417406159895	1.4805328860079836	1.4805328860079836	1.4815328860079835	1.5265328860079834	0.4207945837363291	0.7013243062272152	0.9790758197605087	NaN
Initial_000000539	13608000.0	23.610011474848015	0.13333142212214488	0.9176104949988757	0.9176104949988757	0.9186104949988757	0.9636104949988757	0.0011212266411116435	0.0018687110685194058	0.7166798623018238	NaN
Initial_000000558	13608000.0	17.617818146148284	0.38802411566945527	0.7591521408817737	0.7591521408817737	0.7601521408817739	0.8051521408817738	0.0013399478340919552	0.0022332463901532586	0.7885861822462206	NaN
Initial_000000565	13608000.0	41.18128817552141	9.60687061818154	0.9195428125595739	0.9195428125595739	0.9205428125595739	0.965542812559574	7.394991126010649e-06	1.2324985210017749e-05	0.5058245418937432	NaN
Initial_000000571	13608000.0	43.129596794576315	0.053851473969872554	1.0301405799712686	1.0301405799712686	1.0311405799712685	1.0761405799712687	0.0033799008562415502	0.0056331680937359175	0.48244483846508424	NaN
Initial_000000584	13608000.0	48.298721891722735	7.775451950237118	0.9075028344497204	0.9075028344497204	0.9085028344497204	0.9535028344497204	0.0029966026888121025	0.004994337814686838	0.42041533729932723	NaN
Initial_000000613	13608000.0	35.87618440730863	9.294094929457493	1.1965089857129814	1.1965089857129814	1.1975089857129813	1.2425089857129812	0.12485579836968734	0.20809299728281225	0.5694857871122965	NaN
Initial_000000660	13608000.0	16.68545042474235	2.1950836636762707	0.9343899702248749	0.9343899702248749	0.9353899702248749	0.980389970224875	0.02727070923822561	0.04545118206370935	0.7997745949030918	NaN
Initial_000000668	13608000.0	30.03804165519633	8.373021838517952	0.8915563642248413	0.8915563642248413	0.8925563642248413	0.9375563642248413	0.00531432014460735	0.008857200241012251	0.639543500137644	NaN
Initial_000000687	13608000.0	46.87515004919799	3.7524464404252034	0.8870545625263201	0.8870545625263201	0.88805456252632	0.9330545625263201	0.0018646555651161611	0.003107759275193602	0.4374981994096242	NaN
Initial_000000711	13608000.0	14.972267299221443	9.978493414873222	0.8355946125953274	0.8355946125953274	0.8365946125953273	0.8815946125953275	0.020428954423592494	0.034048257372654156	0.8203327924093426	NaN
Initial_000000753	13608000.0	29.655680825091757	0.36999140919530826	1.0858080710268336	1.0858080710268336	1.0868080710268335	1.1318080710268335	0.0515404321136836	0.08590072018947267	0.644131830098899	NaN
Initial_000000763	13608000.0	14.02674175135003	3.3120384155918825	1.0738046969126083	1.0738046969126083	1.0748046969126084	1.1198046969126083	0.014895332351060575	0.024825553918434294	0.8316790989837997	NaN
Initial_000000769	13608000.0	10.712446249054775	8.378354104857838	1.2270591524957364	1.2270591524957364	1.2280591524957365	1.2730591524957364	0.10619744593453068	0.1769957432242178	0.8714506450113427	NaN
Initial_000000808	13608000.0	49.9980432799177	0.3381850139837972	0.8528041356135874	0.8528041356135874	0.8538041356135874	0.8988041356135873	0.052131590806669674	0.08688598467778279	0.4000234806409876	NaN
Initial_000000858	13608000.0	46.899402907967016	0.8936946510046395	1.0085274164763618	1.0085274164763618	1.009527416476362	1.0545274164763618	0.1365314970670747	0.2275524951117912	0.43720716510439583	NaN
Initial_000000903	13608000.0	42.85695367787146	9.303213276216916	0.7497937944317061	0.7497937944317061	0.7507937944317061	0.7957937944317062	0.0004124242814795721	0.0006873738024659535	0.4857165558655425	NaN
Initial_000000925	13608000.0	45.45166640881391	0.7730584372591132	0.8988761857013432	0.8988761857013432	0.8998761857013433	0.9448761857013432	0.010556519963239048	0.017594199938731746	0.4545800030942331	NaN
Initial_000000935	13608000.0	13.653979733217515	1.830803420819943	1.1535680196714004	1.1535680196714004	1.1545680196714003	1.1995680196714003	0.09240368389262163	0.15400613982103606	0.8361522432013898	NaN
Initial_000000966	13608000.0	23.40201083075731	1.2801344572608409	0.7422586752832395	0.7422586752832395	0.7432586752832395	0.7882586752832396	0.008990625681273163	0.014984376135455273	0.7191758700309123	NaN
Initial_000001000	13608000.0	30.003173950440587	7.821233176396788	0.8558096912026711	0.8558096912026711	0.856809691202671	0.9018096912026712	0.06103126689493602	0.1017187781582267	0.6399619125947129	NaN
Initial_000001070	13608000.0	36.74896696695985	9.594411438103172	0.7123491707557394	0.7123491707557394	0.7133491707557394	0.7583491707557394	0.0004583993291717134	0.0007639988819528557	0.5590123963964818	NaN
Initial_000001086	13608000.0	11.598640211567158	5.0436823279558896	1.0225099744599997	1.0225099744599997	1.0235099744599998	1.0685099744599997	0.046426652337452974	0.07737775389575496	0.860816317461194	NaN
Initial_000001165	13608000.0	0.8172149753781	9.893997843437246	0.815101130675505	0.815101130675505	0.8161011306755049	0.8611011306755051	0.06860552145927336	0.1143425357654556	0.9901934202954628	NaN
Initial_000001303	13608000.0	0.6946793774325444	9.369962124489616	0.6749569270851319	0.6749569270851319	0.6759569270851319	0.7209569270851318	0.02610428786899375	0.04350714644832292	0.9916638474708095	NaN
Initial_000001385	13608000.0	0.9230152522197388	8.661310850105684	0.9677251029632443	0.9677251029632443	0.9687251029632444	1.0137251029632444	0.14455351081591838	0.24092251802653064	0.9889238169733632	NaN
Initial_000001759	13608000.0	30.2065280022236	7.012599174573147	0.615328728496286	0.615328728496286	0.616328728496286	0.661328728496286	0.02414406688819809	0.04024011148033015	0.6375216639733168	NaN
Initial_000001864	13608000.0	0.11763643338884022	9.86023407392631	0.61728177299406	0.61728177299406	0.61828177299406	0.6632817729940599	0.03332074046089913	0.055534567434831886	0.9985883627993339	NaN
Initial_000001944	13608000.0	45.88269553714206	0.24349054213040344	0.5394923669489385	0.5394923669489385	0.5404923669489384	0.5854923669489385	0.04283531038497925	0.07139218397496543	0.44940765355429524	NaN
Initial_000002046	13608000.0	27.385885062069292	9.678936589024726	0.6806102465855245	0.6806102465855245	0.6816102465855245	0.7266102465855245	0.08232948294829483	0.1372158049138247	0.6713693792551685	NaN
Initial_000002060	13608000.0	46.385265567566044	0.23192193065568856	0.45094851313737344	0.45094851313737344	0.45194851313737344	0.4969485131373735	0.005956128032540796	0.009926880054234661	0.4433768131892075	NaN
Initial_000002925	13608000.0	0.09789006348691065	9.254120530293989	0.3203713977127776	0.3203713977127776	0.32137139771277756	0.3663713977127776	0.03443085606773283	0.05738476011288805	0.9988253192381571	NaN
Initial_000002957	13608000.0	0.1410945240782946	8.670859760029533	0.41121495620820187	0.41121495620820187	0.41221495620820187	0.45721495620820185	0.027246848312322082	0.04541141385387014	0.9983068657110604	NaN
Initial_000004201	13608000.0	5.23521984404593	9.003442409743062	0.004	0.004	0.005	0.05	NaN	NaN	NaN	NaN
Initial_000004202	13608000.0	34.71264924765951	7.595303637790801	0.004	0.004	0.005	0.05	NaN	NaN	NaN	NaN
Initial_000004203	13608000.0	21.792156455952462	0.25468016594393905	0.004	0.004	0.005	0.05	NaN	NaN	NaN	NaN
Initial_000004204	13608000.0	27.55987184372202	2.1464032770285923	0.004	0.004	0.005	0.05	NaN	NaN	NaN	NaN
Initial_000004205	13608000.0	38.208380529678806	0.4666568961975204	0.004	0.004	0.005	0.05	NaN	NaN	NaN	NaN
Initial_000004206	13608000.0	28.806262856648207	3.790996599441907	0.004	0.004	0.005	0.05	NaN	NaN	NaN	NaN
Initial_000004207	13608000.0	33.930662028312305	1.0128084794207737	0.004	0.004	0.005	0.05	NaN	NaN	NaN	NaN
Initial_000004208	13608000.0	1.1827973782206347	0.025215793196445846	0.004	0.004	0.005	0.05	NaN	NaN	NaN	NaN
Initial_000004209	13608000.0	17.732230846757517	7.091162069300795	0.004	0.004	0.005	0.05	NaN	NaN	NaN	NaN
Initial_000004210	13608000.0	30.301234660047953	1.8267306235883063	0.004	0.004	0.005	0.05	NaN	NaN	NaN	NaN
Initial_000004211	13608000.0	16.191599839744086	3.5222750319167986	0.004	0.004	0.005	0.05	NaN	NaN	NaN	NaN
Initial_000004212	13608000.0	1.9480127061940689	9.561148699249971	0.004	0.004	0.005	0.05	NaN	NaN	NaN	NaN
Initial_000004213	13608000.0	8.7674979977643	0.16759468337800176	0.004	0.004	0.005	0.05	NaN	NaN	NaN	NaN
Initial_000004214	13608000.0	19.20025606009749	5.074651971367526	0.004	0.004	0.005	0.05	NaN	NaN	NaN	NaN
Initial_000004215	13608000.0	33.79582604398949	0.9491370564479129	0.004	0.004	0.005	0.05	NaN	NaN	NaN	NaN
Initial_000004216	13608000.0	10.972993394373043	0.802935859354621	0.004	0.004	0.005	0.05	NaN	NaN	NaN	NaN
Initial_000004217	13608000.0	18.43720902850958	8.604553255481399	0.004	0.004	0.005	0.05	NaN	NaN	NaN	NaN
Initial_000004218	13608000.0	7.525752191043139	2.739588119022206	0.004	0.004	0.005	0.05	NaN	NaN	NaN	NaN
Initial_000004219	13608000.0	26.061758994676044	2.8498976999510264	0.004	0.004	0.005	0.05	NaN	NaN	NaN	NaN
Initial_000004220	13608000.0	29.587995910128356	4.211171281733748	0.004	0.004	0.005	0.05	NaN	NaN	NaN	NaN
Initial_000004221	13608000.0	24.313900413883786	1.528236144153181	0.004	0.004	0.005	0.05	NaN	NaN	NaN	NaN
Initial_000004222	13608000.0	29.031595393304073	0.18483330416936283	0.004	0.004	0.005	0.05	NaN	NaN	NaN	NaN
Initial_000004223	13608000.0	29.343081444335596	9.361142027158179	0.004	0.004	0.005	0.05	NaN	NaN	NaN	NaN
Initial_000004224	13608000.0	24.7390953906055	1.223965656044358	0.004	0.004	0.005	0.05	NaN	NaN	NaN	NaN
Initial_000004225	13608000.0	46.40515221417999	4.932493941065365	0.004	0.004	0.005	0.05	NaN	NaN	NaN	NaN
Initial_000004226	13608000.0	15.460291356257116	9.966994011082916	0.004	0.004	0.005	0.05	NaN	NaN	NaN	NaN
Initial_000004227	13608000.0	1.17547221963063	3.0904743559993864	0.004	0.004	0.005	0.05	NaN	NaN	NaN	NaN
Initial_000004228	13608000.0	27.21162718154352	5.289198116411651	0.004	0.004	0.005	0.05	NaN	NaN	NaN	NaN
Initial_000004229	13608000.0	1.4720180834503938	2.995282469218642	0.004	0.004	0.005	0.05	NaN	NaN	NaN	NaN
Initial_000004230	13608000.0	35.351696544122056	0.9497260960330012	0.004	0.004	0.005	0.05	NaN	NaN	NaN	NaN
Initial_000004231	13608000.0	30.54725020553392	3.535072243771836	0.004	0.004	0.005	0.05	NaN	NaN	NaN	NaN
Initial_000004232	13608000.0	17.599006435275484	1.478691945712951	0.004	0.004	0.005	0.05	NaN	NaN	NaN	NaN
Initial_000004233	13608000.0	15.944247236584348	9.005599614681595	0.004	0.004	0.005	0.05	NaN	NaN	NaN	NaN
Initial_000004234	13608000.0	7.960919483724233	7.556915341027265	0.004	0.004	0.005	0.05	NaN	NaN	NaN	NaN
Initial_000004235	13608000.0	43.20419749518977	6.7089947098056495	0.004	0.004	0.005	0.05	NaN	NaN	NaN	NaN
Initial_000004236	13608000.0	29.10377632424724	5.592279471252525	0.004	0.004	0.005	0.05	NaN	NaN	NaN	NaN
Initial_000004237	13608000.0	44.47513707570417	6.492136063756584	0.004	0.004	0.005	0.05	NaN	NaN	NaN	NaN
Initial_000004238	13608000.0	1.4331844773833313	6.934601773952446	0.004	0.004	0.005	0.05	NaN	NaN	NaN	NaN
Initial_000004239	13608000.0	1.921327586572097	6.777104423900075	0.004	0.004	0.005	0.05	NaN	NaN	NaN	NaN
Initial_000004240	13608000.0	18.9376561827223	2.3042712550197386	0.004	0.004	0.005	0.05	NaN	NaN	NaN	NaN
Initial_000004241	13608000.0	41.273378576355036	9.728445228013662	0.004	0.004	0.005	0.05	NaN	NaN	NaN	NaN
Initial_000004242	13608000.0	10.22169392835578	9.767443662162746	0.004	0.004	0.005	0.05	NaN	NaN	NaN	NaN
Initial_000004243	13608000.0	41.563132229670046	0.6694758839927717	0.004	0.004	0.005	0.05	NaN	NaN	NaN	NaN
Initial_000004244	13608000.0	23.08117457977261	6.788104156386412	0.004	0.004	0.005	0.05	NaN	NaN	NaN	NaN
Initial_000004245	13608000.0	40.50136039753007	0.7121858869017816	0.004	0.004	0.005	0.05	NaN	NaN	NaN	NaN
Initial_000004246	13608000.0	29.87690956167608	9.800560260362314	0.004	0.004	0.005	0.05	NaN	NaN	NaN	NaN
Initial_000004247	13608000.0	10.556106438507173	5.643514061134565	0.004	0.004	0.005	0.05	NaN	NaN	NaN	NaN
Initial_000004248	13608000.0	41.238204567347104	5.121965994705566	0.004	0.004	0.005	0.05	NaN	NaN	NaN	NaN
Initial_000004249	13608000.0	40.43448827620424	5.409242608768833	0.004	0.004	0.005	0.05	NaN	NaN	NaN	NaN
Initial_000004250	13608000.0	44.185309990753616	7.163727925812164	0.004	0.004	0.005	0.05	NaN	NaN	NaN	NaN
Initial_000004251	13608000.0	46.601289032410435	0.4866229952914791	0.004	0.004	0.005	0.05	NaN	NaN	NaN	NaN
Initial_000004252	13608000.0	24.65875900999464	0.5185415028021312	0.004	0.004	0.005	0.05	NaN	NaN	NaN	NaN
Initial_000004253	13608000.0	12.804505557307177	6.9159951938699225	0.004	0.004	0.005	0.05	NaN	NaN	NaN	NaN
Initial_000004254	13608000.0	35.08863664218941	6.7210990096529795	0.004	0.004	0.005	0.05	NaN	NaN	NaN	NaN
Initial_000004255	13608000.0	26.82909155431715	4.90460571064178	0.004	0.004	0.005	0.05	NaN	NaN	NaN	NaN
Initial_000004256	13608000.0	40.573613623958195	2.2267817074841725	0.004	0.004	0.005	0.05	NaN	NaN	NaN	NaN
Initial_000004257	13608000.0	6.0202397089105295	5.042093604045531	0.004	0.004	0.005	0.05	NaN	NaN	NaN	NaN
Initial_000004258	13608000.0	25.069238899002865	0.7014387444044701	0.004	0.004	0.005	0.05	NaN	NaN	NaN	NaN
Initial_000004259	13608000.0	5.830151450599919	8.758292620464497	0.004	0.004	0.005	0.05	NaN	NaN	NaN	NaN
Initial_000004260	13608000.0	6.429816357174273	0.4814523258242276	0.004	0.004	0.005	0.05	NaN	NaN	NaN	NaN
Initial_000004261	13608000.0	2.185893766070235	2.9848821369833844	0.004	0.004	0.005	0.05	NaN	NaN	NaN	NaN
Initial_000004262	13608000.0	40.31333827819418	2.4431396314204967	0.004	0.004	0.005	0.05	NaN	NaN	NaN	NaN
Initial_000004263	13608000.0	41.483572603277146	0.8600153579367154	0.004	0.004	0.005	0.05	NaN	NaN	NaN	NaN
Initial_000004264	13608000.0	29.467874913219198	4.8608700049706455	0.004	0.004	0.005	0.05	NaN	NaN	NaN	NaN
Initial_000004265	13608000.0	43.43577191536832	7.041850015539685	0.004	0.004	0.005	0.05	NaN	NaN	NaN	NaN
Initial_000004266	13608000.0	40.33691231264258	6.856551662908438	0.004	0.004	0.005	0.05	NaN	NaN	NaN	NaN
Initial_000004267	13608000.0	20.68251201366419	6.666801480370368	0.004	0.004	0.005	0.05	NaN	NaN	NaN	NaN
Initial_000004268	13608000.0	48.138581557110065	1.5156845043496725	0.004	0.004	0.005	0.05	NaN	NaN	NaN	NaN
Initial_000004269	13608000.0	49.69758499105746	9.721732169586309	0.004	0.004	0.005	0.05	NaN	NaN	NaN	NaN
Initial_000004270	13608000.0	36.39831137102173	8.77939032153965	0.004	0.004	0.005	0.05	NaN	NaN	NaN	NaN
Initial_000004271	13608000.0	7.4835851101710755	4.092066032708251	0.004	0.004	0.005	0.05	NaN	NaN	NaN	NaN
Initial_000004272	13608000.0	2.6168396283123894	4.22517237131186	0.004	0.004	0.005	0.05	NaN	NaN	NaN	NaN
Initial_000004273	13608000.0	48.62621828709332	0.8775681090492182	0.004	0.004	0.005	0.05	NaN	NaN	NaN	NaN
Initial_000004274	13608000.0	28.18822172710816	4.001925457012722	0.004	0.004	0.005	0.05	NaN	NaN	NaN	NaN
Initial_000004275	13608000.0	48.14672306381102	5.431639906334926	0.004	0.004	0.005	0.05	NaN	NaN	NaN	NaN
Initial_000004276	13608000.0	49.497575228335464	7.311160193453929	0.004	0.004	0.005	0.05	NaN	NaN	NaN	NaN
Initial_000004277	13608000.0	49.90465709251792	5.722911350117402	0.004	0.004	0.005	0.05	NaN	NaN	NaN	NaN
Initial_000004278	13608000.0	35.821895828786545	8.621656056115551	0.004	0.004	0.005	0.05	NaN	NaN	NaN	NaN
Initial_000004279	13608000.0	11.088126628677387	4.20936506422998	0.004	0.004	0.005	0.05	NaN	NaN	NaN	NaN
Initial_000004280	13608000.0	26.30398555634917	5.611953588228714	0.004	0.004	0.005	0.05	NaN	NaN	NaN	NaN
Initial_000004281	13608000.0	11.268349235203923	1.598511520438235	0.004	0.004	0.005	0.05	NaN	NaN	NaN	NaN
Initial_000004282	13608000.0	3.9971846239777173	2.5014799826403955	0.004	0.004	0.005	0.05	NaN	NaN	NaN	NaN
Initial_000004283	13608000.0	14.937514013319635	3.4616177128422843	0.004	0.004	0.005	0.05	NaN	NaN	NaN	NaN
Initial_000004284	13608000.0	29.210521961414187	6.373339295119691	0.004	0.004	0.005	0.05	NaN	NaN	NaN	NaN
Initial_000004285	13608000.0	0.6387251634993429	3.6557892559835556	0.004	0.004	0.005	0.05	NaN	NaN	NaN	NaN
Initial_000004286	13608000.0	43.75567247761094	7.772744056798887	0.004	0.004	0.005	0.05	NaN	NaN	NaN	NaN
Initial_000004287	13608000.0	43.37299789863065	8.971703534901211	0.004	0.004	0.005	0.05	NaN	NaN	NaN	NaN
Initial_000004288	13608000.0	35.028929372223445	2.5153445356549198	0.004	0.004	0.005	0.05	NaN	NaN	NaN	NaN
Initial_000004289	13608000.0	30.753324085277445	7.3697680143467705	0.004	0.004	0.005	0.05	NaN	NaN	NaN	NaN
Initial_000004290	13608000.0	34.07545121295465	5.819829649825036	0.004	0.004	0.005	0.05	NaN	NaN	NaN	NaN
Initial_000004291	13608000.0	22.820683744718025	1.6520366112731155	0.004	0.004	0.005	0.05	NaN	NaN	NaN	NaN
Initial_000004292	13608000.0	36.87596455210172	2.97659372632522	0.004	0.004	0.005	0.05	NaN	NaN	NaN	NaN
Initial_000004293	13608000.0	19.929277539561625	2.5256746070533542	0.004	0.004	0.005	0.05	NaN	NaN	NaN	NaN
Initial_000004294	13608000.0	14.21431475020271	0.41216220043332585	0.004	0.004	0.005	0.05	NaN	NaN	NaN	NaN
Initial_000004295	13608000.0	6.105717038051245	9.460725410307187	0.004	0.004	0.005	0.05	NaN	NaN	NaN	NaN
Initial_000004296	13608000.0	49.28316451272413	9.053166253793279	0.004	0.004	0.005	0.05	NaN	NaN	NaN	NaN
Initial_000004297	13608000.0	37.751546558011555	2.6476632484401765	0.004	0.004	0.005	0.05	NaN	NaN	NaN	NaN
Initial_000004298	13608000.0	47.412440295375106	1.193103850738474	0.004	0.004	0.005	0.05	NaN	NaN	NaN	NaN
Initial_000004299	13608000.0	23.14177173777385	1.0393773885447422	0.004	0.004	0.005	0.05	NaN	NaN	NaN	NaN
Initial_000004300	13608000.0	39.27563173938006	4.864572477108506	0.004	0.004	0.005	0.05	NaN	NaN	NaN	NaN
Initial_000004301	13608000.0	22.75427319534496	4.60581834916216	0.004	0.004	0.005	0.05	NaN	NaN	NaN	NaN
Initial_000004302	13608000.0	35.092560214699304	7.082619859642212	0.004	0.004	0.005	0.05	NaN	NaN	NaN	NaN
Initial_000004303	13608000.0	27.617038116561353	4.49127875728983	0.004	0.004	0.005	0.05	NaN	NaN	NaN	NaN
Initial_000004304	13608000.0	26.74875722508454	8.932427562203628	0.004	0.004	0.005	0.05	NaN	NaN	NaN	NaN
Initial_000004305	13608000.0	45.183981128657926	5.646227652741601	0.004	0.004	0.005	0.05	NaN	NaN	NaN	NaN
Initial_000004306	13608000.0	2.369551757092214	3.442998842346677	0.004	0.004	0.005	0.05	NaN	NaN	NaN	NaN
Initial_000004307	13608000.0	21.84155039932522	3.001799151854528	0.004	0.004	0.005	0.05	NaN	NaN	NaN	NaN
Initial_000004308	13608000.0	35.022920964521234	4.470336899560974	0.004	0.004	0.005	0.05	NaN	NaN	NaN	NaN
Initial_000004309	13608000.0	19.269449100263163	9.28109071528451	0.004	0.004	0.005	0.05	NaN	NaN	NaN	NaN
Initial_000004310	13608000.0	44.75636856600187	1.1122698803214992	0.004	0.004	0.005	0.05	NaN	NaN	NaN	NaN
Initial_000004311	13608000.0	26.813587285318235	9.124855482551792	0.004	0.004	0.005	0.05	NaN	NaN	NaN	NaN
Initial_000004312	13608000.0	46.035862813598	0.9978349081960125	0.004	0.004	0.005	0.05	NaN	NaN	NaN	NaN
Initial_000004313	13608000.0	30.13248498249721	9.959933760733428	0.004	0.004	0.005	0.05	NaN	NaN	NaN	NaN
Initial_000004314	13608000.0	25.905764113427278	1.6117178107287022	0.004	0.004	0.005	0.05	NaN	NaN	NaN	NaN
Initial_000004315	13608000.0	32.397781832659604	3.5301798418917585	0.004	0.004	0.005	0.05	NaN	NaN	NaN	NaN
Initial_000004316	13608000.0	15.11605619681744	5.961147460593315	0.004	0.004	0.005	0.05	NaN	NaN	NaN	NaN
Initial_000004317	13608000.0	9.851376072365337	2.1923100306639642	0.004	0.004	0.005	0.05	NaN	NaN	NaN	NaN
Initial_000004318	13608000.0	28.03034744001064	0.11698825079583974	0.004	0.004	0.005	0.05	NaN	NaN	NaN	NaN
Initial_000004319	13608000.0	33.47334525403537	2.9889218489536007	0.004	0.004	0.005	0.05	NaN	NaN	NaN	NaN
Initial_000004320	13608000.0	23.638485126850306	1.8539417147980708	0.004	0.004	0.005	0.05	NaN	NaN	NaN	NaN
Initial_000004321	13608000.0	38.42701367568848	1.245269663084868	0.004	0.004	0.005	0.05	NaN	NaN	NaN	NaN
Initial_000004322	13608000.0	11.641260916133522	9.483905477654254	0.004	0.004	0.005	0.05	NaN	NaN	NaN	NaN
Initial_000004323	13608000.0	9.54524836522787	9.331631891319507	0.004	0.004	0.005	0.05	NaN	NaN	NaN	NaN
Initial_000004324	13608000.0	17.66091954589175	4.416679940042392	0.004	0.004	0.005	0.05	NaN	NaN	NaN	NaN
Initial_000004325	13608000.0	28.2231748938258	2.7957529195201314	0.004	0.004	0.005	0.05	NaN	NaN	NaN	NaN
Initial_000004326	13608000.0	0.7594601493295494	9.937065937920192	0.004	0.004	0.005	0.05	NaN	NaN	NaN	NaN
Initial_000004327	13608000.0	9.246607344828634	9.168256161331962	0.004	0.004	0.005	0.05	NaN	NaN	NaN	NaN
Initial_000004328	13608000.0	20.94275945768585	6.395157522339645	0.004	0.004	0.005	0.05	NaN	NaN	NaN	NaN
Initial_000004329	13608000.0	20.771911170030272	2.312637176472072	0.004	0.004	0.005	0.05	NaN	NaN	NaN	NaN
Initial_000004330	13608000.0	14.290494009012328	5.671080350026889	0.004	0.004	0.005	0.05	NaN	NaN	NaN	NaN
Initial_000004331	13608000.0	21.80015218025431	2.7470464217955834	0.004	0.004	0.005	0.05	NaN	NaN	NaN	NaN
Initial_000004332	13608000.0	36.828193322900695	9.296294806497814	0.004	0.004	0.005	0.05	NaN	NaN	NaN	NaN
Initial_000004333	13608000.0	20.895800853888773	5.697092849226229	0.004	0.004	0.005	0.05	NaN	NaN	NaN	NaN
Initial_000004334	13608000.0	31.714090816119377	2.46577523507563	0.004	0.004	0.005	0.05	NaN	NaN	NaN	NaN
Initial_000004335	13608000.0	9.392302177561856	9.818083816639165	0.004	0.004	0.005	0.05	NaN	NaN	NaN	NaN
Initial_000004336	13608000.0	31.27539903329042	5.263430706359589	0.004	0.004	0.005	0.05	NaN	NaN	NaN	NaN
Initial_000004337	13608000.0	23.16041225102749	3.2187630074605114	0.004	0.004	0.005	0.05	NaN	NaN	NaN	NaN
Initial_000004338	13608000.0	32.01876937479339	1.8740722301996027	0.004	0.004	0.005	0.05	NaN	NaN	NaN	NaN
Initial_000004339	13608000.0	8.262847244347215	3.1465344035792087	0.004	0.004	0.005	0.05	NaN	NaN	NaN	NaN
Initial_000004340	13608000.0	30.863074354441284	0.6229554145843064	0.004	0.004	0.005	0.05	NaN	NaN	NaN	NaN
Initial_000004341	13608000.0	19.09537447870462	4.717712348307237	0.004	0.004	0.005	0.05	NaN	NaN	NaN	NaN
Initial_000004342	13608000.0	33.05438555027267	2.8793777198458956	0.004	0.004	0.005	0.05	NaN	NaN	NaN	NaN
Initial_000004343	13608000.0	30.634817059209794	5.675076677481938	0.004	0.004	0.005	0.05	NaN	NaN	NaN	NaN
Initial_000004344	13608000.0	0.6126648065942486	0.839582472898297	0.004	0.004	0.005	0.05	NaN	NaN	NaN	NaN
Initial_000004345	13608000.0	35.56343528896625	5.251883920569381	0.004	0.004	0.005	0.05	NaN	NaN	NaN	NaN
Initial_000004346	13608000.0	11.642067834374364	6.129783107131366	0.004	0.004	0.005	0.05	NaN	NaN	NaN	NaN
Initial_000004347	13608000.0	13.34021191142551	5.735473746021685	0.004	0.004	0.005	0.05	NaN	NaN	NaN	NaN
Initial_000004348	13608000.0	21.184804776200167	6.195936764840971	0.004	0.004	0.005	0.05	NaN	NaN	NaN	NaN
Initial_000004349	13608000.0	4.548312791324899	2.525536031850976	0.004	0.004	0.005	0.05	NaN	NaN	NaN	NaN
Initial_000004350	13608000.0	11.181973272776347	5.103004995835198	0.004	0.004	0.005	0.05	NaN	NaN	NaN	NaN
Initial_000004351	13608000.0	47.2708523868001	6.537778536061046	0.004	0.004	0.005	0.05	NaN	NaN	NaN	NaN
Initial_000004352	13608000.0	45.41388517466473	9.433485395043299	0.004	0.004	0.005	0.05	NaN	NaN	NaN	NaN
Initial_000004353	13608000.0	9.388474480341507	4.603664643462438	0.004	0.004	0.005	0.05	NaN	NaN	NaN	NaN
Initial_000004354	13608000.0	33.303970280052404	9.357027739523566	0.004	0.004	0.005	0.05	NaN	NaN	NaN	NaN
Initial_000004355	13608000.0	30.577613572918054	0.08645241887486166	0.004	0.004	0.005	0.05	NaN	NaN	NaN	NaN
Initial_000004356	13608000.0	11.511789491161888	4.538130215056925	0.004	0.004	0.005	0.05	NaN	NaN	NaN	NaN
Initial_000004357	13608000.0	43.12595882260485	5.32937251916099	0.004	0.004	0.005	0.05	NaN	NaN	NaN	NaN
Initial_000004358	13608000.0	25.010619684207057	0.7315819840236215	0.004	0.004	0.005	0.05	NaN	NaN	NaN	NaN
Initial_000004359	13608000.0	21.974422667617	2.675145142052365	0.004	0.004	0.005	0.05	NaN	NaN	NaN	NaN
Initial_000004360	13608000.0	2.5838713577834294	8.829494583635157	0.004	0.004	0.005	0.05	NaN	NaN	NaN	NaN
Initial_000004361	13608000.0	24.710304964414426	9.054346006973308	0.004	0.004	0.005	0.05	NaN	NaN	NaN	NaN
Initial_000004362	13608000.0	20.132940180421084	6.680786896684534	0.004	0.004	0.005	0.05	NaN	NaN	NaN	NaN
Initial_000004363	13608000.0	38.15367282159588	1.0090333722571287	0.004	0.004	0.005	0.05	NaN	NaN	NaN	NaN
Initial_000004364	13608000.0	49.13687323114163	9.290525286315228	0.004	0.004	0.005	0.05	NaN	NaN	NaN	NaN
Initial_000004365	13608000.0	14.76102107542206	1.2312183324891657	0.004	0.004	0.005	0.05	NaN	NaN	NaN	NaN
Initial_000004366	13608000.0	24.68885788829705	9.879735740761465	0.004	0.004	0.005	0.05	NaN	NaN	NaN	NaN
Initial_000004367	13608000.0	44.77122408463478	3.495879849219281	0.004	0.004	0.005	0.05	NaN	NaN	NaN	NaN
Initial_000004368	13608000.0	6.737847718844248	6.612955349190051	0.004	0.004	0.005	0.05	NaN	NaN	NaN	NaN
Initial_000004369	13608000.0	34.587136334424216	9.824691172307645	0.004	0.004	0.005	0.05	NaN	NaN	NaN	NaN
Initial_000004370	13608000.0	31.771480291742265	6.285214084743464	0.004	0.004	0.005	0.05	NaN	NaN	NaN	NaN
Initial_000004371	13608000.0	24.02669967746639	0.5264529741948765	0.004	0.004	0.005	0.05	NaN	NaN	NaN	NaN
Initial_000004372	13608000.0	48.0391632116651	2.2557830152249236	0.004	0.004	0.005	0.05	NaN	NaN	NaN	NaN
Initial_000004373	13608000.0	48.157185791068876	8.82753255298289	0.004	0.004	0.005	0.05	NaN	NaN	NaN	NaN
Initial_000004374	13608000.0	32.068925688086985	8.248545373519248	0.004	0.004	0.005	0.05	NaN	NaN	NaN	NaN
Initial_000004375	13608000.0	26.812615500171873	2.6275292393733274	0.004	0.004	0.005	0.05	NaN	NaN	NaN	NaN
Initial_000004376	13608000.0	39.26633346102501	4.21609450926785	0.004	0.004	0.005	0.05	NaN	NaN	NaN	NaN
Initial_000004377	13608000.0	5.760402886477883	7.114084667425179	0.004	0.004	0.005	0.05	NaN	NaN	NaN	NaN
Initial_000004378	13608000.0	44.33113754241743	0.07911450993973501	0.004	0.004	0.005	0.05	NaN	NaN	NaN	NaN
Initial_000004379	13608000.0	2.0068355908093305	0.008804714695326288	0.004	0.004	0.005	0.05	NaN	NaN	NaN	NaN
Initial_000004380	13608000.0	42.023772704517896	1.4863970766319734	0.004	0.004	0.005	0.05	NaN	NaN	NaN	NaN
Initial_000004381	13608000.0	18.8425302888672	6.891357203858467	0.004	0.004	0.005	0.05	NaN	NaN	NaN	NaN
Initial_000004382	13608000.0	35.15278208774318	9.642955427302809	0.004	0.004	0.005	0.05	NaN	NaN	NaN	NaN
Initial_000004383	13608000.0	35.658870779080445	6.803747985786427	0.004	0.004	0.005	0.05	NaN	NaN	NaN	NaN
Initial_000004384	13608000.0	30.850198718134546	7.92676319557768	0.004	0.004	0.005	0.05	NaN	NaN	NaN	NaN
Initial_000004385	13608000.0	43.167055027641524	1.9046029446163915	0.004	0.004	0.005	0.05	NaN	NaN	NaN	NaN
Initial_000004386	13608000.0	38.167197944832424	5.759126178002283	0.004	0.004	0.005	0.05	NaN	NaN	NaN	NaN
Initial_000004387	13608000.0	11.176204581316995	7.985235029512294	0.004	0.004	0.005	0.05	NaN	NaN	NaN	NaN
Initial_000004388	13608000.0	36.762008409338534	8.142160516696201	0.004	0.004	0.005	0.05	NaN	NaN	NaN	NaN
Initial_000004389	13608000.0	47.698163790078276	7.109612206590382	0.004	0.004	0.005	0.05	NaN	NaN	NaN	NaN
Initial_000004390	13608000.0	24.531084162997697	1.0238448751034346	0.004	0.004	0.005	0.05	NaN	NaN	NaN	NaN
Initial_000004391	13608000.0	10.0276061389934	1.3135592901455673	0.004	0.004	0.005	0.05	NaN	NaN	NaN	NaN
Initial_000004392	13608000.0	40.973807701848024	8.718346475210279	0.004	0.004	0.005	0.05	NaN	NaN	NaN	NaN
Initial_000004393	13608000.0	1.7373008108821864	9.840394203729328	0.004	0.004	0.005	0.05	NaN	NaN	NaN	NaN
Initial_000004394	13608000.0	12.12564684873016	6.084248108717656	0.004	0.004	0.005	0.05	NaN	NaN	NaN	NaN
Initial_000004395	13608000.0	8.600749763079513	3.455929807860738	0.004	0.004	0.005	0.05	NaN	NaN	NaN	NaN
Initial_000004396	13608000.0	11.971228730731088	1.1172984119214047	0.004	0.004	0.005	0.05	NaN	NaN	NaN	NaN
Initial_000004397	13608000.0	21.864618196316705	7.485240254421415	0.004	0.004	0.005	0.05	NaN	NaN	NaN	NaN
Initial_000004398	13608000.0	25.51358076681547	0.28307619768329406	0.004	0.004	0.005	0.05	NaN	NaN	NaN	NaN
Initial_000004399	13608000.0	7.636967139325046	2.0702224354384047	0.004	0.004	0.005	0.05	NaN	NaN	NaN	NaN
Initial_000004400	13608000.0	1.497042017080058	1.5817330732693224	0.004	0.004	0.005	0.05	NaN	NaN	NaN	NaN
